<phyloxml xmlns="http://www.phyloxml.org" xmlns:xsi="http://www.w3.org/2001/XMLSchema-instance" xsi:schemaLocation="http://www.phyloxml.org http://www.phyloxml.org/1.10/phyloxml.xsd">
  <phylogeny rooted="false">
    <clade>
      <name>Inner118</name>
      <branch_length>0</branch_length>
      <clade>
        <name>Inner113</name>
        <branch_length>0.008335531102931979</branch_length>
        <clade>
          <name>Inner103</name>
          <branch_length>0.013509902615828427</branch_length>
          <clade>
            <name>Inner75</name>
            <branch_length>0.07253897600990589</branch_length>
            <clade>
              <name>LCP2</name>
              <branch_length>0.2578180531333757</branch_length>
            </clade>
            <clade>
              <name>Inner66</name>
              <branch_length>0.041404598246544355</branch_length>
              <clade>
                <name>SLNK</name>
                <branch_length>0.2838259972195229</branch_length>
              </clade>
              <clade>
                <name>Inner55</name>
                <branch_length>0.02673544274166778</branch_length>
                <clade>
                  <name>CLNK</name>
                  <branch_length>0.19458132586820875</branch_length>
                </clade>
                <clade>
                  <name>BLNK</name>
                  <branch_length>0.2234251049999585</branch_length>
                </clade>
              </clade>
            </clade>
          </clade>
          <clade>
            <name>Inner99</name>
            <branch_length>0.00846553088938165</branch_length>
            <clade>
              <name>Inner76</name>
              <branch_length>0.061426334579437386</branch_length>
              <clade>
                <name>Inner61</name>
                <branch_length>0.0483962068758404</branch_length>
                <clade>
                  <name>INPPL1</name>
                  <branch_length>0.21811650569107816</branch_length>
                </clade>
                <clade>
                  <name>INPP5D</name>
                  <branch_length>0.22597295117793142</branch_length>
                </clade>
              </clade>
              <clade>
                <name>Inner50</name>
                <branch_length>0.07176500240020883</branch_length>
                <clade>
                  <name>SH2D1B</name>
                  <branch_length>0.23034757046921683</branch_length>
                </clade>
                <clade>
                  <name>SH2D1A</name>
                  <branch_length>0.24196513311384504</branch_length>
                </clade>
              </clade>
            </clade>
            <clade>
              <name>RASA1</name>
              <branch_length>0.27896245140526765</branch_length>
            </clade>
          </clade>
        </clade>
        <clade>
          <name>Inner100</name>
          <branch_length>0.020177358613905953</branch_length>
          <clade>
            <name>Inner90</name>
            <branch_length>0.021416285574465288</branch_length>
            <clade>
              <name>Inner35</name>
              <branch_length>0.1496175785529022</branch_length>
              <clade>
                <name>ZAP70</name>
                <branch_length>0.2376176815010682</branch_length>
              </clade>
              <clade>
                <name>SYK</name>
                <branch_length>0.20410010990997474</branch_length>
              </clade>
            </clade>
            <clade>
              <name>Inner87</name>
              <branch_length>0.016810595667930972</branch_length>
              <clade>
                <name>Inner51</name>
                <branch_length>0.10051258043543612</branch_length>
                <clade>
                  <name>Inner20</name>
                  <branch_length>0.09475519245011554</branch_length>
                  <clade>
                    <name>STAT2</name>
                    <branch_length>0.2071343194464239</branch_length>
                  </clade>
                  <clade>
                    <name>Inner9</name>
                    <branch_length>0.06905485671194889</branch_length>
                    <clade>
                      <name>STAT3</name>
                      <branch_length>0.1658899817542941</branch_length>
                    </clade>
                    <clade>
                      <name>Inner5</name>
                      <branch_length>0.03466853166046735</branch_length>
                      <clade>
                        <name>STAT4</name>
                        <branch_length>0.15538476728644446</branch_length>
                      </clade>
                      <clade>
                        <name>STAT1</name>
                        <branch_length>0.14784103916516844</branch_length>
                      </clade>
                    </clade>
                  </clade>
                </clade>
                <clade>
                  <name>Inner15</name>
                  <branch_length>0.10791931293310952</branch_length>
                  <clade>
                    <name>STAT6</name>
                    <branch_length>0.24567252024279718</branch_length>
                  </clade>
                  <clade>
                    <name>Inner2</name>
                    <branch_length>0.20759797155397208</branch_length>
                    <clade>
                      <name>STAT5A</name>
                      <branch_length>0.023081302160527728</branch_length>
                    </clade>
                    <clade>
                      <name>STAT5B</name>
                      <branch_length>0.0406770871012172</branch_length>
                    </clade>
                  </clade>
                </clade>
              </clade>
              <clade>
                <name>Inner77</name>
                <branch_length>0.035066217648142606</branch_length>
                <clade>
                  <name>Inner3</name>
                  <branch_length>0.2992591559785681</branch_length>
                  <clade>
                    <name>CBLC</name>
                    <branch_length>0.16212855640414425</branch_length>
                  </clade>
                  <clade>
                    <name>Inner1</name>
                    <branch_length>0.14475452992848337</branch_length>
                    <clade>
                      <name>CBLB</name>
                      <branch_length>0.03286538254543725</branch_length>
                    </clade>
                    <clade>
                      <name>CBL</name>
                      <branch_length>0.055819632745082615</branch_length>
                    </clade>
                  </clade>
                </clade>
                <clade>
                  <name>Inner60</name>
                  <branch_length>0.05174410207693997</branch_length>
                  <clade>
                    <name>TYK2</name>
                    <branch_length>0.40295250438249014</branch_length>
                  </clade>
                  <clade>
                    <name>Inner46</name>
                    <branch_length>0.027070131064203806</branch_length>
                    <clade>
                      <name>JAK1</name>
                      <branch_length>0.3130934968920224</branch_length>
                    </clade>
                    <clade>
                      <name>Inner24</name>
                      <branch_length>0.07028394371018881</branch_length>
                      <clade>
                        <name>JAK3</name>
                        <branch_length>0.2991603902068868</branch_length>
                      </clade>
                      <clade>
                        <name>JAK2</name>
                        <branch_length>0.2360078055117677</branch_length>
                      </clade>
                    </clade>
                  </clade>
                </clade>
              </clade>
            </clade>
          </clade>
          <clade>
            <name>Inner94</name>
            <branch_length>0.013978749720683525</branch_length>
            <clade>
              <name>Inner82</name>
              <branch_length>0.030747051958758098</branch_length>
              <clade>
                <name>SUPT6H</name>
                <branch_length>0.4230324551680249</branch_length>
              </clade>
              <clade>
                <name>Inner52</name>
                <branch_length>0.08693694065560065</branch_length>
                <clade>
                  <name>STAP2</name>
                  <branch_length>0.30600251579435483</branch_length>
                </clade>
                <clade>
                  <name>STAP1</name>
                  <branch_length>0.2696651399919953</branch_length>
                </clade>
              </clade>
            </clade>
            <clade>
              <name>SH3BP2</name>
              <branch_length>0.4418420929946994</branch_length>
            </clade>
          </clade>
        </clade>
      </clade>
      <clade>
        <name>Inner117</name>
        <branch_length>0.0009970256278496077</branch_length>
        <clade>
          <name>Inner114</name>
          <branch_length>0.006878003897874272</branch_length>
          <clade>
            <name>Inner101</name>
            <branch_length>0.017697267125055795</branch_length>
            <clade>
              <name>Inner96</name>
              <branch_length>0.010122678562258083</branch_length>
              <clade>
                <name>Inner71</name>
                <branch_length>0.07825769671550736</branch_length>
                <clade>
                  <name>SHE</name>
                  <branch_length>0.22999563686437788</branch_length>
                </clade>
                <clade>
                  <name>Inner41</name>
                  <branch_length>0.05640659520482336</branch_length>
                  <clade>
                    <name>SHD</name>
                    <branch_length>0.1867866307302457</branch_length>
                  </clade>
                  <clade>
                    <name>Inner19</name>
                    <branch_length>0.08039877007584478</branch_length>
                    <clade>
                      <name>SHF</name>
                      <branch_length>0.06655243527640836</branch_length>
                    </clade>
                    <clade>
                      <name>SHB</name>
                      <branch_length>0.1027265615887954</branch_length>
                    </clade>
                  </clade>
                </clade>
              </clade>
              <clade>
                <name>RASA1-C</name>
                <branch_length>0.3365607540332822</branch_length>
              </clade>
            </clade>
            <clade>
              <name>Inner81</name>
              <branch_length>0.04234656274181507</branch_length>
              <clade>
                <name>SH2D2A</name>
                <branch_length>0.3217132371256035</branch_length>
              </clade>
              <clade>
                <name>Inner74</name>
                <branch_length>0.043164891176962095</branch_length>
                <clade>
                  <name>Inner44</name>
                  <branch_length>0.05987066102142741</branch_length>
                  <clade>
                    <name>SH2D4B</name>
                    <branch_length>0.1633095516217209</branch_length>
                  </clade>
                  <clade>
                    <name>SH2D4A</name>
                    <branch_length>0.1806394929642664</branch_length>
                  </clade>
                </clade>
                <clade>
                  <name>HSH2D</name>
                  <branch_length>0.23647548315737082</branch_length>
                </clade>
              </clade>
            </clade>
          </clade>
          <clade>
            <name>Inner89</name>
            <branch_length>0.041156154482039985</branch_length>
            <clade>
              <name>Inner29</name>
              <branch_length>0.16715473676613216</branch_length>
              <clade>
                <name>SHC3</name>
                <branch_length>0.14527304683157466</branch_length>
              </clade>
              <clade>
                <name>Inner27</name>
                <branch_length>0.010064141816269884</branch_length>
                <clade>
                  <name>SHC2</name>
                  <branch_length>0.13100525757568782</branch_length>
                </clade>
                <clade>
                  <name>Inner17</name>
                  <branch_length>0.037815735129602124</branch_length>
                  <clade>
                    <name>SHC4</name>
                    <branch_length>0.12970762759631782</branch_length>
                  </clade>
                  <clade>
                    <name>SHC1</name>
                    <branch_length>0.0895614753937154</branch_length>
                  </clade>
                </clade>
              </clade>
            </clade>
            <clade>
              <name>Inner80</name>
              <branch_length>0.018747696235154154</branch_length>
              <clade>
                <name>Inner64</name>
                <branch_length>0.0687560952124256</branch_length>
                <clade>
                  <name>SH2D3A</name>
                  <branch_length>0.2215339389082564</branch_length>
                </clade>
                <clade>
                  <name>Inner25</name>
                  <branch_length>0.09736829828483534</branch_length>
                  <clade>
                    <name>SH2D3C</name>
                    <branch_length>0.1275460101103143</branch_length>
                  </clade>
                  <clade>
                    <name>BCAR3</name>
                    <branch_length>0.1302179650449652</branch_length>
                  </clade>
                </clade>
              </clade>
              <clade>
                <name>Inner39</name>
                <branch_length>0.10953411387202683</branch_length>
                <clade>
                  <name>FES</name>
                  <branch_length>0.19254124430401137</branch_length>
                </clade>
                <clade>
                  <name>FER</name>
                  <branch_length>0.16058375569598865</branch_length>
                </clade>
              </clade>
            </clade>
          </clade>
        </clade>
        <clade>
          <name>Inner116</name>
          <branch_length>0.002820572421779518</branch_length>
          <clade>
            <name>Inner111</name>
            <branch_length>0.01386754378525754</branch_length>
            <clade>
              <name>Inner107</name>
              <branch_length>0.00886471596143363</branch_length>
              <clade>
                <name>Inner106</name>
                <branch_length>0.006370739924632864</branch_length>
                <clade>
                  <name>Inner40</name>
                  <branch_length>0.14991418744590376</branch_length>
                  <clade>
                    <name>PLCG2-C</name>
                    <branch_length>0.14186799143670586</branch_length>
                  </clade>
                  <clade>
                    <name>PLCG1-C</name>
                    <branch_length>0.14430564200380863</branch_length>
                  </clade>
                </clade>
                <clade>
                  <name>Inner98</name>
                  <branch_length>0.013249914062912427</branch_length>
                  <clade>
                    <name>Inner49</name>
                    <branch_length>0.12025701690894863</branch_length>
                    <clade>
                      <name>PLCG2</name>
                      <branch_length>0.17358600144591807</branch_length>
                    </clade>
                    <clade>
                      <name>PLCG1</name>
                      <branch_length>0.16662018412109225</branch_length>
                    </clade>
                  </clade>
                  <clade>
                    <name>Inner22</name>
                    <branch_length>0.21348460429376964</branch_length>
                    <clade>
                      <name>PIK3R3-C</name>
                      <branch_length>0.11453912347539652</branch_length>
                    </clade>
                    <clade>
                      <name>Inner18</name>
                      <branch_length>0.014032305096032038</branch_length>
                      <clade>
                        <name>PIK3R2-C</name>
                        <branch_length>0.09342353650663088</branch_length>
                      </clade>
                      <clade>
                        <name>PIK3R1-C</name>
                        <branch_length>0.09705265396955959</branch_length>
                      </clade>
                    </clade>
                  </clade>
                </clade>
              </clade>
              <clade>
                <name>Inner95</name>
                <branch_length>0.0219414435762555</branch_length>
                <clade>
                  <name>SRMS</name>
                  <branch_length>0.2708777103340256</branch_length>
                </clade>
                <clade>
                  <name>Inner83</name>
                  <branch_length>0.024812666483641055</branch_length>
                  <clade>
                    <name>Inner48</name>
                    <branch_length>0.097273080067587</branch_length>
                    <clade>
                      <name>SLA</name>
                      <branch_length>0.1644728435818668</branch_length>
                    </clade>
                    <clade>
                      <name>SLA2</name>
                      <branch_length>0.15718320737354724</branch_length>
                    </clade>
                  </clade>
                  <clade>
                    <name>Inner72</name>
                    <branch_length>0.05115103772909568</branch_length>
                    <clade>
                      <name>Inner68</name>
                      <branch_length>0.020431273656043303</branch_length>
                      <clade>
                        <name>FRK</name>
                        <branch_length>0.18202869782735712</branch_length>
                      </clade>
                      <clade>
                        <name>Inner36</name>
                        <branch_length>0.05436985336475153</branch_length>
                        <clade>
                          <name>Inner34</name>
                          <branch_length>0.012936689028470394</branch_length>
                          <clade>
                            <name>BLK</name>
                            <branch_length>0.1195584086046429</branch_length>
                          </clade>
                          <clade>
                            <name>Inner32</name>
                            <branch_length>0.013537337944801997</branch_length>
                            <clade>
                              <name>LYN</name>
                              <branch_length>0.09324345540286272</branch_length>
                            </clade>
                            <clade>
                              <name>LCK</name>
                              <branch_length>0.10358194142253407</branch_length>
                            </clade>
                          </clade>
                        </clade>
                        <clade>
                          <name>HCK</name>
                          <branch_length>0.11312481546735276</branch_length>
                        </clade>
                      </clade>
                    </clade>
                    <clade>
                      <name>Inner58</name>
                      <branch_length>0.03973930403872404</branch_length>
                      <clade>
                        <name>SRC</name>
                        <branch_length>0.13422486570643702</branch_length>
                      </clade>
                      <clade>
                        <name>Inner33</name>
                        <branch_length>0.058287110969821976</branch_length>
                        <clade>
                          <name>YES</name>
                          <branch_length>0.07910048709523093</branch_length>
                        </clade>
                        <clade>
                          <name>Inner26</name>
                          <branch_length>0.03440114728398197</branch_length>
                          <clade>
                            <name>FGR</name>
                            <branch_length>0.04673431960805713</branch_length>
                          </clade>
                          <clade>
                            <name>FYN</name>
                            <branch_length>0.0457512295248908</branch_length>
                          </clade>
                        </clade>
                      </clade>
                    </clade>
                  </clade>
                </clade>
              </clade>
            </clade>
            <clade>
              <name>Inner110</name>
              <branch_length>0.007128556973002166</branch_length>
              <clade>
                <name>Inner109</name>
                <branch_length>0.0012763494740659492</branch_length>
                <clade>
                  <name>Inner86</name>
                  <branch_length>0.04018591838991406</branch_length>
                  <clade>
                    <name>Inner85</name>
                    <branch_length>0.006954007554027086</branch_length>
                    <clade>
                      <name>SH2D5</name>
                      <branch_length>0.4251235194224981</branch_length>
                    </clade>
                    <clade>
                      <name>Inner47</name>
                      <branch_length>0.0984305684938262</branch_length>
                      <clade>
                        <name>Inner28</name>
                        <branch_length>0.06099930974405837</branch_length>
                        <clade>
                          <name>RIN3</name>
                          <branch_length>0.26582295431792635</branch_length>
                        </clade>
                        <clade>
                          <name>RIN2</name>
                          <branch_length>0.23088757199786314</branch_length>
                        </clade>
                      </clade>
                      <clade>
                        <name>RIN1</name>
                        <branch_length>0.3378946180365582</branch_length>
                      </clade>
                    </clade>
                  </clade>
                  <clade>
                    <name>Inner14</name>
                    <branch_length>0.21107935534855787</branch_length>
                    <clade>
                      <name>TNS4</name>
                      <branch_length>0.14467965273197075</branch_length>
                    </clade>
                    <clade>
                      <name>Inner12</name>
                      <branch_length>0.029317111680637914</branch_length>
                      <clade>
                        <name>TNS3</name>
                        <branch_length>0.1000015316090882</branch_length>
                      </clade>
                      <clade>
                        <name>Inner6</name>
                        <branch_length>0.0405394560656574</branch_length>
                        <clade>
                          <name>TNS1</name>
                          <branch_length>0.06813016125743027</branch_length>
                        </clade>
                        <clade>
                          <name>TNS2</name>
                          <branch_length>0.055246462119193096</branch_length>
                        </clade>
                      </clade>
                    </clade>
                  </clade>
                </clade>
                <clade>
                  <name>Inner84</name>
                  <branch_length>0.04373173137104716</branch_length>
                  <clade>
                    <name>PTK6</name>
                    <branch_length>0.25175556374078684</branch_length>
                  </clade>
                  <clade>
                    <name>Inner23</name>
                    <branch_length>0.18087166245321468</branch_length>
                    <clade>
                      <name>CRKL</name>
                      <branch_length>0.08901148893534355</branch_length>
                    </clade>
                    <clade>
                      <name>CRK</name>
                      <branch_length>0.0830664331425785</branch_length>
                    </clade>
                  </clade>
                </clade>
              </clade>
              <clade>
                <name>Inner54</name>
                <branch_length>0.13062331989936515</branch_length>
                <clade>
                  <name>Inner53</name>
                  <branch_length>0.0058369559054434195</branch_length>
                  <clade>
                    <name>TXK</name>
                    <branch_length>0.17773563478081675</branch_length>
                  </clade>
                  <clade>
                    <name>Inner43</name>
                    <branch_length>0.0201062979416122</branch_length>
                    <clade>
                      <name>TEC</name>
                      <branch_length>0.1757798843738373</branch_length>
                    </clade>
                    <clade>
                      <name>BTK</name>
                      <branch_length>0.1644568020166952</branch_length>
                    </clade>
                  </clade>
                </clade>
                <clade>
                  <name>Inner42</name>
                  <branch_length>0.029149403547512248</branch_length>
                  <clade>
                    <name>ITK</name>
                    <branch_length>0.17298944171628466</branch_length>
                  </clade>
                  <clade>
                    <name>BMX</name>
                    <branch_length>0.17214330164654718</branch_length>
                  </clade>
                </clade>
              </clade>
            </clade>
          </clade>
          <clade>
            <name>Inner112</name>
            <branch_length>0.00721014445836988</branch_length>
            <clade>
              <name>Inner108</name>
              <branch_length>0.010202657649199101</branch_length>
              <clade>
                <name>Inner91</name>
                <branch_length>0.02791901914966502</branch_length>
                <clade>
                  <name>Inner69</name>
                  <branch_length>0.07292021904144855</branch_length>
                  <clade>
                    <name>ZAP70-C</name>
                    <branch_length>0.23197601001684404</branch_length>
                  </clade>
                  <clade>
                    <name>SYK-C</name>
                    <branch_length>0.21316505581387696</branch_length>
                  </clade>
                </clade>
                <clade>
                  <name>Inner38</name>
                  <branch_length>0.1288811750526295</branch_length>
                  <clade>
                    <name>GRB7</name>
                    <branch_length>0.15392950125439264</branch_length>
                  </clade>
                  <clade>
                    <name>Inner31</name>
                    <branch_length>0.028201262010121075</branch_length>
                    <clade>
                      <name>GRB14</name>
                      <branch_length>0.13748834975310265</branch_length>
                    </clade>
                    <clade>
                      <name>GRB10</name>
                      <branch_length>0.15274153530436863</branch_length>
                    </clade>
                  </clade>
                </clade>
              </clade>
              <clade>
                <name>Inner93</name>
                <branch_length>0.02668734050740182</branch_length>
                <clade>
                  <name>Inner21</name>
                  <branch_length>0.1987842159969482</branch_length>
                  <clade>
                    <name>SH2B3</name>
                    <branch_length>0.12361967113594846</branch_length>
                  </clade>
                  <clade>
                    <name>Inner11</name>
                    <branch_length>0.06444630286921554</branch_length>
                    <clade>
                      <name>SH2B2</name>
                      <branch_length>0.07873994752416469</branch_length>
                    </clade>
                    <clade>
                      <name>SH2B1</name>
                      <branch_length>0.06276948643809943</branch_length>
                    </clade>
                  </clade>
                </clade>
                <clade>
                  <name>Inner62</name>
                  <branch_length>0.09422251758340858</branch_length>
                  <clade>
                    <name>MATK</name>
                    <branch_length>0.19963461373150593</branch_length>
                  </clade>
                  <clade>
                    <name>CSK</name>
                    <branch_length>0.1694505597700714</branch_length>
                  </clade>
                </clade>
              </clade>
            </clade>
            <clade>
              <name>Inner102</name>
              <branch_length>0.016546340895621528</branch_length>
              <clade>
                <name>Inner10</name>
                <branch_length>0.28719446301476614</branch_length>
                <clade>
                  <name>CHN2</name>
                  <branch_length>0.1165179547075168</branch_length>
                </clade>
                <clade>
                  <name>CHN1</name>
                  <branch_length>0.09799308630194692</branch_length>
                </clade>
              </clade>
              <clade>
                <name>Inner16</name>
                <branch_length>0.23253502593385378</branch_length>
                <clade>
                  <name>ABL2</name>
                  <branch_length>0.04141151524378461</branch_length>
                </clade>
                <clade>
                  <name>ABL1</name>
                  <branch_length>0.05094517265430454</branch_length>
                </clade>
              </clade>
            </clade>
          </clade>
        </clade>
      </clade>
      <clade>
        <name>Inner115</name>
        <branch_length>0.006049352527972644</branch_length>
        <clade>
          <name>Inner104</name>
          <branch_length>0.015751305163571108</branch_length>
          <clade>
            <name>Inner88</name>
            <branch_length>0.03764182806033054</branch_length>
            <clade>
              <name>Inner79</name>
              <branch_length>0.016148959740681146</branch_length>
              <clade>
                <name>Inner70</name>
                <branch_length>0.053498635853574505</branch_length>
                <clade>
                  <name>Inner30</name>
                  <branch_length>0.08292144626029463</branch_length>
                  <clade>
                    <name>SOCS7</name>
                    <branch_length>0.2408277427636234</branch_length>
                  </clade>
                  <clade>
                    <name>SOCS6</name>
                    <branch_length>0.17111255574383932</branch_length>
                  </clade>
                </clade>
                <clade>
                  <name>Inner4</name>
                  <branch_length>0.26077170414927364</branch_length>
                  <clade>
                    <name>SOCS5</name>
                    <branch_length>0.018472710604693077</branch_length>
                  </clade>
                  <clade>
                    <name>SOCS4</name>
                    <branch_length>0.03539934326736077</branch_length>
                  </clade>
                </clade>
              </clade>
              <clade>
                <name>Inner67</name>
                <branch_length>0.06432098945364528</branch_length>
                <clade>
                  <name>SOCS3</name>
                  <branch_length>0.26882351047053266</branch_length>
                </clade>
                <clade>
                  <name>Inner56</name>
                  <branch_length>0.02445442833524586</branch_length>
                  <clade>
                    <name>SOCS1</name>
                    <branch_length>0.2642144245909086</branch_length>
                  </clade>
                  <clade>
                    <name>Inner45</name>
                    <branch_length>0.01998967238334437</branch_length>
                    <clade>
                      <name>CISH</name>
                      <branch_length>0.23915754459413774</branch_length>
                    </clade>
                    <clade>
                      <name>SOCS2</name>
                      <branch_length>0.20201892599409754</branch_length>
                    </clade>
                  </clade>
                </clade>
              </clade>
            </clade>
            <clade>
              <name>Inner8</name>
              <branch_length>0.26229176578851043</branch_length>
              <clade>
                <name>PIK3R2</name>
                <branch_length>0.045490622106238</branch_length>
              </clade>
              <clade>
                <name>Inner7</name>
                <branch_length>0.0033360543175231516</branch_length>
                <clade>
                  <name>PIK3R3</name>
                  <branch_length>0.041091480325475105</branch_length>
                </clade>
                <clade>
                  <name>PIK3R1</name>
                  <branch_length>0.031008833154148763</branch_length>
                </clade>
              </clade>
            </clade>
          </clade>
          <clade>
            <name>Inner92</name>
            <branch_length>0.021890201502617467</branch_length>
            <clade>
              <name>DAPP1</name>
              <branch_length>0.25294873122310435</branch_length>
            </clade>
            <clade>
              <name>Inner13</name>
              <branch_length>0.24274875586028666</branch_length>
              <clade>
                <name>NCK2</name>
                <branch_length>0.04701975757151389</branch_length>
              </clade>
              <clade>
                <name>NCK1</name>
                <branch_length>0.03153009137108431</branch_length>
              </clade>
            </clade>
          </clade>
        </clade>
        <clade>
          <name>Inner105</name>
          <branch_length>0.018932984895083972</branch_length>
          <clade>
            <name>Inner78</name>
            <branch_length>0.052386448316608984</branch_length>
            <clade>
              <name>Inner63</name>
              <branch_length>0.06747021481747423</branch_length>
              <clade>
                <name>PTPN6-C</name>
                <branch_length>0.17495149891070721</branch_length>
              </clade>
              <clade>
                <name>PTPN11-C</name>
                <branch_length>0.13774199954130512</branch_length>
              </clade>
            </clade>
            <clade>
              <name>Inner37</name>
              <branch_length>0.11505970812071237</branch_length>
              <clade>
                <name>PTPN6</name>
                <branch_length>0.13944693869141656</branch_length>
              </clade>
              <clade>
                <name>PTPN11</name>
                <branch_length>0.13919083220641626</branch_length>
              </clade>
            </clade>
          </clade>
          <clade>
            <name>Inner97</name>
            <branch_length>0.0084146840557058</branch_length>
            <clade>
              <name>Inner65</name>
              <branch_length>0.09846086229138884</branch_length>
              <clade>
                <name>VAV1</name>
                <branch_length>0.19595461997609168</branch_length>
              </clade>
              <clade>
                <name>Inner57</name>
                <branch_length>0.022227730896989345</branch_length>
                <clade>
                  <name>VAV3</name>
                  <branch_length>0.20014500949139113</branch_length>
                </clade>
                <clade>
                  <name>VAV2</name>
                  <branch_length>0.19115933833469578</branch_length>
                </clade>
              </clade>
            </clade>
            <clade>
              <name>Inner73</name>
              <branch_length>0.07167420555278145</branch_length>
              <clade>
                <name>Inner59</name>
                <branch_length>0.039485366043594705</branch_length>
                <clade>
                  <name>GRAP</name>
                  <branch_length>0.140389073860041</branch_length>
                </clade>
                <clade>
                  <name>GRB2</name>
                  <branch_length>0.14166220819124103</branch_length>
                </clade>
              </clade>
              <clade>
                <name>GRAP2</name>
                <branch_length>0.19157247683071643</branch_length>
              </clade>
            </clade>
          </clade>
        </clade>
      </clade>
    </clade>
  </phylogeny>
</phyloxml>