,0
2CR4_A_SH2_N,2.7742792744506066
1AB2_A_SH2_N,2.3164625358447526
1OPL_A_SH2_N,1.5490644747071516
1OPL_B_SH2_N,1.5214219317657693
2ABL_A_SH2_N,1.5764185589376885
2FO0_A_SH2_N,1.537978871072135
3K2M_A_SH2_N,1.540469262448288
3K2M_B_SH2_N,1.4827903317507303
3T04_A_SH2_N,1.559218010412509
3UYO_A_SH2_N,1.6101232729043646
4XEY_B_SH2_N,1.4922167532711377
5DC0_B_SH2_N,1.5572588108196617
5DC4_A_SH2_N,1.559102968380644
5DC9_A_SH2_N,1.5004101760957334
5MO4_A_SH2_N,1.5491458610516862
6AMV_A_SH2_N,1.7066165857494622
6AMW_A_SH2_N,1.7780349700893565
2ECD_A_SH2_N,1.661538238632996
4EIH_A_SH2_N,1.4615347512883619
2EKX_A_SH2_N,1.5365254611978776
2GE9_A_SH2_N,2.50645340168792
3CXL_A_SH2_N,3.4240800226584978
1XA6_A_SH2_N,3.2468805477130265
1JU5_A_SH2_N,2.449336903474273
2DVJ_A_SH2_N,2.204930664048788
2EYV_A_SH2_N,2.044190902216042
2EYY_A_SH2_N,2.330870547505427
2EYZ_A_SH2_N,2.446844648255791
2EO3_A_SH2_N,1.654427641288963
2LQN_A_SH2_N,2.2471098681097503
2LQW_A_SH2_N,2.299361920911327
3EAC_A_SH2_N,1.337778780426453
3EAZ_A_SH2_N,3.8872341961702617
2KK6_A_SH2_N,2.009416981707028e-14
6KC4_A_SH2_N,0.8075476235994766
6KC4_C_SH2_N,0.8195306770766472
6KC4_E_SH2_N,0.7979817719323948
6KC4_G_SH2_N,0.8120694248137471
6KC4_I_SH2_N,0.8236013542330909
6KC4_K_SH2_N,0.7862220778923324
1WQU_A_SH2_N,1.0334791075040228
2DCR_A_SH2_N,1.3252849187715416
3BKB_A_SH2_N,1.116727701278383
3CBL_A_SH2_N,1.025575340535747
3CD3_A_SH2_N,1.037954140770635
4E93_A_SH2_N,1.1264975520443024
6JMF_A_SH2_N,1.1125703718660866
1AOT_F_SH2_N,2.1921491509384365
1AOU_F_SH2_N,2.0748229869822934
1G83_A_SH2_N,1.6928253020215822
1G83_B_SH2_N,1.6437015752440827
2MQI_A_SH2_N,1.931406558606608
2MRJ_A_SH2_N,1.9818634087053524
2MRK_A_SH2_N,2.0227206976268457
4U17_A_SH2_N,9.67773216381388
4U17_B_SH2_N,9.872202929346136
4U17_C_SH2_N,9.611226346122846
4U1P_A_SH2_N,1.7018096598261596
5GJH_A_SH2_N,1.670041508992461
5GJH_C_SH2_N,1.570760345419782
1NRV_A_SH2_N,1.7895940448522683
1NRV_B_SH2_N,1.7467195563092095
2AUG_A_SH2_N,1.5064732413076043
2AUG_B_SH2_N,1.6059029163157823
1BM2_A_SH2_N,1.561656004402541
1BMB_A_SH2_N,1.5760418844879966
1CJ1_A_SH2_N,1.5604031391268949
1CJ1_B_SH2_N,1.5603589851856876
1CJ1_C_SH2_N,1.5603403116097396
1CJ1_D_SH2_N,1.5603917081750411
1CJ1_E_SH2_N,1.560466224233479
1CJ1_F_SH2_N,1.560444266419953
1CJ1_G_SH2_N,1.560443053020029
1CJ1_H_SH2_N,1.5604455873389973
1CJ1_I_SH2_N,1.560471739856941
1CJ1_J_SH2_N,1.5604236116886996
1CJ1_K_SH2_N,1.5603661127512072
1CJ1_L_SH2_N,1.560374153912641
1FHS_A_SH2_N,1.9093190913755191
1FYR_A_SH2_N,8.844453959463273
1FYR_B_SH2_N,8.826226345062679
1FYR_C_SH2_N,8.014774197693345
1FYR_D_SH2_N,7.903442019261836
1GHU_A_SH2_N,1.6952226085172288
1GRI_A_SH2_N,1.5396252349545116
1GRI_B_SH2_N,1.5487921297336436
1JYQ_A_SH2_N,1.4927959849311099
1JYQ_B_SH2_N,1.4702081450204931
1JYR_A_SH2_N,1.5699762421373953
1JYU_A_SH2_N,9.458312407316694
1QG1_E_SH2_N,1.7956665138267875
1TZE_E_SH2_N,1.5757139888335274
1X0N_A_SH2_N,1.7753155992135323
1ZFP_E_SH2_N,1.5227155822010658
2AOA_A_SH2_N,7.997947349841129
2AOB_A_SH2_N,8.012058494820772
2AOB_B_SH2_N,8.13687826824666
2AOB_C_SH2_N,7.822883610819959
2AOB_D_SH2_N,7.95233809975106
2H46_E_SH2_N,9.348288285772725
2H5K_A_SH2_N,9.4275427293213
2H5K_B_SH2_N,9.417818173248346
2HUW_A_SH2_N,1.6110968744906424
2HUW_B_SH2_N,1.5523880314505898
3C7I_A_SH2_N,1.5733053729796327
3IMD_A_SH2_N,1.5927343425180527
3IMD_B_SH2_N,1.5830733368577539
3IMJ_A_SH2_N,1.6044122868771946
3IMJ_B_SH2_N,1.5388758764342538
3IN7_A_SH2_N,1.5650152779446187
3IN7_C_SH2_N,1.5424104601649495
3IN8_A_SH2_N,1.573356186306538
3KFJ_A_SH2_N,1.6150004771530024
3MXC_A_SH2_N,1.58029224124767
3MXY_A_SH2_N,1.5605378797317317
3N7Y_A_SH2_N,1.510520908472744
3N7Y_B_SH2_N,1.6059771799519647
3N7Y_C_SH2_N,1.6320191357035527
3N84_A_SH2_N,1.5894366463855605
3N84_B_SH2_N,1.5432036506012758
3N84_C_SH2_N,1.58842072557007
3N84_D_SH2_N,1.54958121336421
3N84_E_SH2_N,1.6474035887033205
3N84_F_SH2_N,1.6563829913972263
3N8M_A_SH2_N,1.5884951039986785
3OV1_A_SH2_N,1.6195287393117275
3OVE_A_SH2_N,1.6081742317029522
3S8L_A_SH2_N,1.6056138447657753
3S8N_A_SH2_N,1.5913028518590278
3S8O_A_SH2_N,1.5877590657085454
3WA4_A_SH2_N,1.5625044472576548
4P9V_A_SH2_N,1.6061519127651143
4P9Z_A_SH2_N,1.6072017498346416
5CDW_A_SH2_N,9.243789860130056
5CDW_B_SH2_N,9.239495243706868
5CDW_C_SH2_N,9.280155300382747
5CDW_c_SH2_N,9.202044159797289
5CDW_d_SH2_N,9.17469756048197
5CDW_E_SH2_N,9.247888707241934
5CDW_G_SH2_N,9.22918118333707
5CDW_H_SH2_N,9.24180411156273
5CDW_K_SH2_N,9.37158528744711
5CDW_L_SH2_N,9.272272771538823
5CDW_O_SH2_N,9.165364705406985
5CDW_P_SH2_N,9.154760107225739
5CDW_U_SH2_N,9.271897982172264
5CDW_V_SH2_N,9.159802774849616
5CDW_Y_SH2_N,9.168088702130404
5CDW_Z_SH2_N,9.225954845829525
6ICG_A_SH2_N,1.5108408855182596
6ICG_B_SH2_N,1.4749927316643825
6ICH_A_SH2_N,9.325246798777338
2AOA_B_SH2_N,8.12607458267058
1MW4_A_SH2_N,3.5277401681322234
2L4K_A_SH2_N,3.4998197460835203
2QMS_A_SH2_N,2.5773592856568857
2QMS_B_SH2_N,2.591369485748555
2QMS_C_SH2_N,2.5298298441042832
2QMS_D_SH2_N,2.5143314692488468
3PQZ_A_SH2_N,2.616358506214359
3PQZ_B_SH2_N,2.662983579090435
3PQZ_C_SH2_N,2.5149543720375154
3PQZ_D_SH2_N,2.5185129645368995
4WWQ_A_SH2_N,2.523288581998235
4WWQ_B_SH2_N,2.620267966106013
4X6S_A_SH2_N,2.521819318574666
4X6S_B_SH2_N,2.536510670423213
5D0J_A_SH2_N,2.6172082139536106
5D0J_B_SH2_N,2.5205325025895116
5D0J_C_SH2_N,2.4737115494459707
5D0J_D_SH2_N,2.561609158571212
5EEL_A_SH2_N,2.524751416719959
5EEL_B_SH2_N,2.546498576234948
5EEL_C_SH2_N,2.611852643332036
5EEL_D_SH2_N,2.5615836448174876
5EEL_E_SH2_N,2.505567804007098
5EEL_F_SH2_N,2.500617387330223
5EEQ_A_SH2_N,2.5736488357030116
5EEQ_B_SH2_N,2.5594089701338723
5TYI_A_SH2_N,2.463656285911873
5TYI_B_SH2_N,2.4778217604332213
5TYI_C_SH2_N,2.4739737224773877
5TYI_D_SH2_N,2.4735742171598893
5U06_A_SH2_N,2.5132579106069852
5U06_B_SH2_N,2.4928305512238884
5U06_C_SH2_N,2.483442904354772
5U06_D_SH2_N,2.469235828280777
5U1Q_A_SH2_N,2.513500184513764
5U1Q_B_SH2_N,2.5210127592214087
5U1Q_C_SH2_N,2.5605672570861904
5U1Q_D_SH2_N,2.4719959977449246
1AD5_A_SH2_N,2.0746358258536803
1AD5_B_SH2_N,2.0380786577597605
1QCF_A_SH2_N,1.8255370583911656
2C0I_A_SH2_N,2.0315850795342287
2C0I_B_SH2_N,1.9722643074434374
2C0O_A_SH2_N,1.9865650321682489
2C0O_B_SH2_N,1.9583530301285852
2C0T_A_SH2_N,1.8888825879904927
2C0T_B_SH2_N,1.9013840744007837
2HCK_A_SH2_N,1.9901609511458007
2HCK_B_SH2_N,1.967242726618306
3HCK_A_SH2_N,1.8265393790437372
3NHN_A_SH2_N,1.8667894031034638
3VRY_A_SH2_N,1.8778535221033106
3VRY_B_SH2_N,1.9295365269319056
3VRZ_A_SH2_N,1.916184939250209
3VRZ_B_SH2_N,1.9246058733922442
3VS0_A_SH2_N,1.918962417352665
3VS0_B_SH2_N,1.8955645080138261
3VS1_A_SH2_N,1.946234859454792
3VS1_B_SH2_N,1.9339423770644646
3VS2_A_SH2_N,1.974360555305107
3VS2_B_SH2_N,1.9395788626807204
3VS3_A_SH2_N,1.9296830983069024
3VS3_B_SH2_N,1.8026851876139287
3VS4_A_SH2_N,1.9313197479557607
3VS4_B_SH2_N,1.9144214031990008
3VS5_A_SH2_N,1.9078037811586483
3VS5_B_SH2_N,1.8969083822527364
3VS6_A_SH2_N,1.904029038233375
3VS6_B_SH2_N,1.9108022722157147
3VS7_A_SH2_N,1.9491969956948123
3VS7_B_SH2_N,1.9529850762301768
4LUD_A_SH2_N,1.9352858395633932
4LUD_B_SH2_N,1.9365242041846833
4LUE_A_SH2_N,1.8901260090565732
4LUE_B_SH2_N,1.8078598627131848
4U5W_B_SH2_N,1.7700882415423722
4U5W_D_SH2_N,1.7070775474712998
5H09_A_SH2_N,1.8057264660975454
5H0B_A_SH2_N,1.8108464436998908
5H0E_A_SH2_N,1.7976395588139011
5H0G_A_SH2_N,1.8078662853919811
5H0H_A_SH2_N,1.809591682098319
2CS0_A_SH2_N,1.8529181770808019
4Z32_A_SH2_N,2.0490175748171424
4Z32_B_SH2_N,2.112739999976911
4Z32_C_SH2_N,2.0125439868706705
4Z32_D_SH2_N,2.050098532288567
4Z32_E_SH2_N,2.0603252554765765
4Z32_F_SH2_N,2.06337983236583
4Z32_G_SH2_N,2.0623134655042894
6E2P_A_SH2_N,2.040661607087722
6E2P_B_SH2_N,2.1102727255966838
6E2Q_A_SH2_N,2.0311824268328738
6E2Q_B_SH2_N,2.0341841522312167
6E2Q_C_SH2_N,2.0001374088385115
6E2Q_D_SH2_N,2.0114041939488154
1A81_A_SH2_C,1.878528082547367
1A81_C_SH2_C,1.849518670319548
1A81_E_SH2_C,1.8564643802885294
1A81_G_SH2_C,1.8496927022856573
1A81_I_SH2_C,1.8636816461894004
1A81_K_SH2_C,1.845762449340403
1CSY_A_SH2_C,1.7734578544870887
1CSZ_A_SH2_C,1.9624117466509252
4FL2_A_SH2_C,1.8026169892094628
4FL3_A_SH2_C,1.8301582632102975
1BHF_A_SH2_N,1.7132595249954705
1BHH_A_SH2_N,1.7259774433517068
1BHH_B_SH2_N,1.8254586933281995
1CWD_L_SH2_N,1.7494853895099374
1CWE_A_SH2_N,1.7674543312652913
1CWE_C_SH2_N,1.7302784226220742
1FBZ_A_SH2_N,1.8080577665926194
1FBZ_B_SH2_N,1.7563625489666566
1IJR_A_SH2_N,1.7200846840553348
1LCJ_A_SH2_N,1.749380091505133
1LCK_A_SH2_N,1.7084407257760479
1LKK_A_SH2_N,1.7548038818101297
1LKL_A_SH2_N,1.7690960722465916
1X27_A_SH2_N,1.647652777299265
1X27_B_SH2_N,1.7085622964170353
1X27_C_SH2_N,1.6687011531940559
1X27_D_SH2_N,1.6717276051473386
1X27_E_SH2_N,1.6277927901716194
1X27_F_SH2_N,1.672752878367447
4D8K_A_SH2_N,1.8409429260716474
5MTM_A_SH2_N,1.8167819039032316
5MTN_A_SH2_N,1.5731095019528936
1JWO_A_SH2_N,1.487840690783738
3US4_A_SH2_N,1.2559154901631204
2CI8_A_SH2_N,11.508780095007205
2CI9_A_SH2_N,2.2923749677194034
2CI9_B_SH2_N,2.0661844065023245
1Z3K_A_SH2_N,3.140988175624612
2CIA_A_SH2_N,2.0501071883750512
4JPS_B_SH2_N,1.3674963444035368
2IUG_A_SH2_N,1.4512989086400634
2IUH_A_SH2_N,1.5152792981613004
2IUI_A_SH2_N,1.4321845449278379
2IUI_B_SH2_N,1.4475358904789384
3HHM_B_SH2_N,1.2856797516942766
3HIZ_B_SH2_N,1.4246470147139756
4L1B_B_SH2_N,1.432687824426319
4L23_B_SH2_N,1.4070886335988815
4L2Y_B_SH2_N,1.4352059594178381
4OVU_B_SH2_N,1.568217127914939
4OVV_B_SH2_N,1.5563541038017368
4WAF_B_SH2_N,1.3137849765012801
4YKN_A_SH2_N,1.3506197232530437
4ZOP_B_SH2_N,1.28876509075904
5FI4_B_SH2_N,1.3105129471698151
5GJI_A_SH2_N,1.476622257231663
5ITD_B_SH2_N,1.426370069130719
5SWG_B_SH2_N,1.4745889396707572
5SWO_B_SH2_N,1.5077349134213178
5SWP_B_SH2_N,1.5361653826835509
5SWR_B_SH2_N,1.3413754393569062
5SWT_B_SH2_N,1.338246430524177
5SX8_B_SH2_N,1.624718405420149
5SX9_B_SH2_N,1.6009618192964297
5SXB_B_SH2_N,1.2627718682075497
5SXC_B_SH2_N,1.1439603506676184
5SXD_B_SH2_N,1.4485706610535825
5SXE_B_SH2_N,1.512592305378203
5SXI_B_SH2_N,1.2155453191015386
5SXK_B_SH2_N,1.4340872117061692
5UK8_B_SH2_N,1.3461968534566342
5UKJ_B_SH2_N,1.3417874774143814
5UL1_B_SH2_N,1.3313543189265256
5XGH_B_SH2_N,1.4138290646090401
5XGI_B_SH2_N,1.4381660858829617
5XGJ_B_SH2_N,1.3885340095519667
6NCT_B_SH2_N,1.5543941526813196
5SXJ_B_SH2_N,2.3778185181303377
5SXF_B_SH2_N,1.216938175481637
5SXA_B_SH2_N,2.6126014813897704
5SW8_B_SH2_N,1.9842535272107098
1H9O_A_SH2_C,1.5307651243373837
1PIC_A_SH2_C,2.3129329648970276
5AUL_A_SH2_C,1.5755504911338956
4EY0_A_SH2_C,1.9383033049233347
4EY0_B_SH2_C,1.9298296944419733
4EY0_C_SH2_C,1.9394570222345062
4EY0_D_SH2_C,1.9367668633116841
4FBN_A_SH2_C,1.8908863666251043
1RJA_A_SH2_N,1.9823771690047278
4JEG_A_SH2_C,1.9634704265914347
6CMQ_A_SH2_C,2.1246741035152756
6CMQ_B_SH2_C,2.0453244171678695
6CMQ_C_SH2_C,1.9612115910041799
6CMQ_D_SH2_C,2.079754564935459
6MDC_A_SH2_C,2.0342895140090795
6MDD_B_SH2_C,2.0928558717933816
2SHP_A_SH2_N,1.7926822892491499
2SHP_B_SH2_N,1.7923607357047338
3TKZ_A_SH2_N,1.713749175522124
3TL0_A_SH2_N,1.7081843164362598
4DGP_A_SH2_N,1.893075242084318
4DGX_A_SH2_N,1.8718299776650353
4GWF_A_SH2_N,1.8148991712930285
4GWF_B_SH2_N,1.8205634962952681
4H1O_A_SH2_N,1.790215718902067
4H34_A_SH2_N,1.7548356865751304
4JE4_A_SH2_N,1.9068034773034666
4NWF_A_SH2_N,1.8396989998338307
4NWF_B_SH2_N,1.8449811104732552
4NWG_A_SH2_N,1.79368430182238
4NWG_B_SH2_N,1.7882333707480453
4OHD_A_SH2_N,1.787712166352869
4OHE_A_SH2_N,1.7510076398781265
4OHH_A_SH2_N,1.87171986892241
4OHI_A_SH2_N,1.8278301128242254
4OHL_A_SH2_N,1.794377034005259
4OHL_B_SH2_N,1.72512937007445
4QSY_A_SH2_N,1.7381067298115376
5DF6_A_SH2_N,1.7433425161507792
5EHP_A_SH2_N,1.7849680139083812
5EHP_B_SH2_N,1.8156418431953645
5EHR_A_SH2_N,1.7951941975303212
5EHR_B_SH2_N,1.8252362570313032
5I6V_A_SH2_N,1.7898662141821178
5I6V_B_SH2_N,1.8269821074941233
5IBM_A_SH2_N,1.791984194569726
5IBM_B_SH2_N,1.8081761268022738
5IBS_A_SH2_N,1.805017184475234
5IBS_B_SH2_N,1.845029598046914
5X7B_A_SH2_N,1.8632053894276344
5X94_A_SH2_N,1.8676059833085432
5X94_B_SH2_N,1.8510956130889569
5XZR_A_SH2_N,1.8025242656973126
6ATD_A_SH2_N,1.8335876637878383
6ATD_B_SH2_N,1.788948383152515
6BMR_A_SH2_N,1.7852235402146486
6BMR_B_SH2_N,1.7906228985098855
6BMU_A_SH2_N,1.8095442390156744
6BMU_B_SH2_N,1.8220983209389496
6BMV_A_SH2_N,1.777599793518272
6BMV_B_SH2_N,1.7755230178065056
6BMW_A_SH2_N,1.8061368734257832
6BMW_B_SH2_N,1.8083902371559153
6BMX_A_SH2_N,1.757886613503694
6BMX_B_SH2_N,1.770111013452849
6BMY_A_SH2_N,1.8076487839424393
6BMY_B_SH2_N,1.8164529213301561
6BN5_A_SH2_N,1.8313526075411355
6BN5_B_SH2_N,1.7759691224654173
6CMP_A_SH2_N,1.792558329849196
6CMP_B_SH2_N,1.789357024195633
6CMR_A_SH2_N,1.8831416915052215
6CMS_A_SH2_N,1.8516096889226008
6CRF_A_SH2_N,1.7445524929800338
6CRF_B_SH2_N,1.798101456727855
6CRG_A_SH2_N,1.7728242576488067
6CRG_B_SH2_N,1.8116858254381556
6IHZ_A_SH2_N,1.827006233037818
6IHZ_B_SH2_N,1.830715478721311
6MD7_A_SH2_N,1.7958152590954104
6MD7_B_SH2_N,1.8274673467835412
6MD9_A_SH2_N,1.7974017524334367
6MD9_B_SH2_N,1.8052514739772925
6MDA_A_SH2_N,1.7692827603102694
6MDA_B_SH2_N,1.7943221987745352
6MDB_A_SH2_N,1.8082646324773248
6MDB_B_SH2_N,1.8116003242159835
6MDC_A_SH2_N,1.7998605654123976
6MDC_B_SH2_N,1.8319482431953453
6MDD_A_SH2_N,1.7999817236320625
6MDD_B_SH2_N,1.8062586383364718
1X6C_A_SH2_C,1.9768627427049057
2B3O_A_SH2_C,1.8132201065773204
2RMX_A_SH2_C,2.0469213362861147
2YU7_A_SH2_C,2.2055819820480287
3PS5_A_SH2_C,1.8651832369735286
3PS5_A_SH2_N,1.8726169677057731
2GSB_A_SH2_C,1.9102396374606987
1D1Z_A_SH2_N,1.9078160145898566
1D1Z_B_SH2_N,1.8451248897498647
1D1Z_C_SH2_N,1.8543863700094905
1D1Z_D_SH2_N,1.8569866497233352
1D4T_A_SH2_N,1.9884930262676104
1D4W_A_SH2_N,1.984868914028278
1D4W_B_SH2_N,1.7964152246596008
1KA6_A_SH2_N,2.0766524195141463
1KA7_A_SH2_N,1.9893859272233532
1M27_A_SH2_N,1.8431401815296662
5KAZ_A_SH2_N,1.911729112970526
5W3R_A_SH2_C,1.6920252766285617
1MIL_A_SH2_C,1.0031849351814044
1TCE_A_SH2_C,1.5273036383134229
2YSX_A_SH2_N,1.6020990254289187
2MK2_A_SH2_N,2.036168832237852
4M4Z_A_SH2_N,6.02169518492054
2C9W_A_SH2_N,1.3492211621736967
4JGH_A_SH2_N,1.3137095769160605
5BO4_A_SH2_N,1.3798721265780043
5BO4_D_SH2_N,1.3257003354262056
5BO4_G_SH2_N,1.355393418085849
5BO4_J_SH2_N,1.4011641881062142
5BO4_M_SH2_N,1.3295243132292942
5BO4_P_SH2_N,1.3401469374454316
6I4X_A_SH2_N,1.3218875916755237
6I5J_A_SH2_N,1.3503489424804733
6I5J_D_SH2_N,1.340462936778561
6I5N_A_SH2_N,1.3657508110357461
6I5N_D_SH2_N,1.3885304966398488
2IZV_A_SH2_N,1.3998500549524426
2VIF_A_SH2_C,1.847422208771302
1A07_A_SH2_N,1.3862036702339622
1A07_B_SH2_N,1.3643317618874553
1A08_A_SH2_N,1.405048160913018
1A08_B_SH2_N,1.4355519674971984
1A09_A_SH2_N,1.3833814814349463
1A09_B_SH2_N,1.4351386758627203
1A1A_A_SH2_N,1.4199491119130028
1A1A_B_SH2_N,1.3818802866275655
1A1B_A_SH2_N,1.4183751747215125
1A1B_B_SH2_N,1.4248892549160594
1A1C_A_SH2_N,1.4348605042872402
1A1C_B_SH2_N,1.4129962823482562
1A1E_A_SH2_N,1.476930508116638
1A1E_B_SH2_N,1.398434388266734
1FMK_A_SH2_N,1.376970855976194
1HCS_B_SH2_N,1.5366952142319459
1HCT_B_SH2_N,1.620987696962087
1KSW_A_SH2_N,1.3404004401146878
1O41_A_SH2_N,1.546042124649009
1O42_A_SH2_N,1.5163493531895547
1O43_A_SH2_N,1.5301405649731428
1O44_A_SH2_N,1.5348422728835112
1O45_A_SH2_N,1.5316653884801215
1O46_A_SH2_N,1.5140137619085832
1O47_A_SH2_N,1.519973899685991
1O48_A_SH2_N,1.5511677860967703
1O49_A_SH2_N,1.5135671481968156
1O4A_A_SH2_N,1.5735210762026905
1O4B_A_SH2_N,1.5466738651256116
1O4C_A_SH2_N,1.5428900982765292
1O4D_A_SH2_N,1.524635536726878
1O4E_A_SH2_N,1.5315262647022372
1O4F_A_SH2_N,1.5399078016599839
1O4G_A_SH2_N,1.5914448439560296
1O4H_A_SH2_N,1.5692390706991197
1O4I_A_SH2_N,1.5736071788885195
1O4J_A_SH2_N,1.565034107994724
1O4K_A_SH2_N,1.566926666543492
1O4L_A_SH2_N,1.558516358325617
1O4M_A_SH2_N,1.5595761658890825
1O4N_A_SH2_N,1.5662731195234192
1O4O_A_SH2_N,1.5487888526570537
1O4P_A_SH2_N,1.5331945876562385
1O4Q_A_SH2_N,1.577099906736361
1O4R_A_SH2_N,1.5535539488081433
1SHD_A_SH2_N,1.3057305299650814
1Y57_A_SH2_N,1.4745697097067287
2H8H_A_SH2_N,1.3148016274016008
2SRC_A_SH2_N,1.2980334830005826
4F59_A_SH2_N,1.5239207259867453
4F5A_A_SH2_N,1.516471282320689
4F5B_A_SH2_N,1.5333880570677034
4K11_A_SH2_N,1.3206799864028527
6MBW_A_SH2_C,1.9798901624758283
6MBW_B_SH2_C,2.1014553533650115
6MBZ_A_SH2_C,3.1647726678450727
6MBZ_B_SH2_C,2.105739245303243
3MAZ_A_SH2_N,2.340534059824093
1BF5_A_SH2_C,1.9531602099326544
1YVL_A_SH2_C,1.9531602099326544
1YVL_B_SH2_C,1.96387715614446
6QHD_A_SH2_C,2.3865130683622584
6QHD_B_SH2_C,2.3579802363764197
4Y5U_A_SH2_C,2.070157532151149
4Y5U_B_SH2_C,2.057001931527559
4Y5W_A_SH2_C,1.9681061608202421
4Y5W_B_SH2_C,1.976586162545957
4Y5W_C_SH2_C,1.96618475354206
4Y5W_D_SH2_C,1.9739036166281656
5D39_A_SH2_C,2.0035053276839268
5D39_B_SH2_C,2.0200381866426937
5D39_C_SH2_C,2.04626523953256
5D39_D_SH2_C,1.990570083242641
2KNO_A_SH2_C,1.8617942635340667
2L6K_A_SH2_C,2.1903399342976617
2DM0_A_SH2_N,1.3393684848965057
2DLZ_A_SH2_C,1.7266539257203888
2LNW_A_SH2_C,1.9079785095759716
2LNX_A_SH2_C,1.7751382201893355
4ROJ_A_SH2_C,1.5247333955807936
4ROJ_B_SH2_C,1.5311816339512616
4ROJ_C_SH2_C,1.4708855327681718
2CRH_A_SH2_C,1.807275656623859
2LCT_A_SH2_C,3.9667311678654054
2MC1_A_SH2_C,6.066340477919306
2ROR_A_SH2_C,7.990366748912175
4K2R_A_SH2_N,3.887096808894391
