,PDB,Updated
0,1AB2,
1,1OPL,
2,1OPL,
3,2ABL,
4,2FO0,
5,3K2M,
6,3K2M,
7,3T04,
8,3UYO,
9,4XEY,
10,5DC0,
11,5DC4,
12,5DC9,
13,5MO4,
14,6AMV,
15,6AMW,
16,2ECD,
17,4EIH,
18,2EKX,
19,2GE9,
20,3CXL,
21,1XA6,
22,1JU5,
23,2DVJ,
24,2EYV,
25,2EYY,
26,2EYZ,
27,2EO3,
28,2LQN,
29,2LQW,
30,3EAC,
31,3EAZ,
32,2KK6,
33,6KC4,
34,6KC4,
35,6KC4,
36,6KC4,
37,6KC4,
38,6KC4,
39,1WQU,
40,2DCR,
41,3BKB,
42,3CBL,
43,3CD3,
44,4E93,
45,6JMF,
46,1AOT,
47,1AOU,
48,1G83,
49,1G83,
50,2MQI,
51,2MRJ,
52,2MRK,
53,4U17,
54,4U17,
55,4U17,
56,4U1P,
57,5GJH,
58,5GJH,
59,1NRV,
60,1NRV,
61,2AUG,
62,2AUG,
63,1BM2,
64,1BMB,
65,1CJ1,
66,1CJ1,
67,1CJ1,
68,1CJ1,
69,1CJ1,
70,1CJ1,
71,1CJ1,
72,1CJ1,
73,1CJ1,
74,1CJ1,
75,1CJ1,
76,1CJ1,
77,1FHS,
78,1FYR,
79,1FYR,
80,1FYR,
81,1FYR,
82,1GHU,
83,1GRI,
84,1GRI,
85,1JYQ,
86,1JYQ,
87,1JYR,
88,1JYU,
89,1QG1,
90,1TZE,
91,1X0N,
92,1ZFP,
93,2AOA,
94,2AOA,
95,2AOB,
96,2AOB,
97,2AOB,
98,2AOB,
99,2H46,
100,2H5K,
101,2H5K,
102,2HUW,
103,2HUW,
104,3C7I,
105,3IMD,
106,3IMD,
107,3IMJ,
108,3IMJ,
109,3IN7,
110,3IN7,
111,3IN8,
112,3KFJ,
113,3MXC,
114,3MXY,
115,3N7Y,
116,3N7Y,
117,3N7Y,
118,3N84,
119,3N84,
120,3N84,
121,3N84,
122,3N84,
123,3N84,
124,3N8M,
125,3OV1,
126,3OVE,
127,3S8L,
128,3S8N,
129,3S8O,
130,3WA4,
131,4P9V,
132,4P9Z,
133,5CDW,
134,5CDW,
135,5CDW,
136,5CDW,
137,5CDW,
138,5CDW,
139,5CDW,
140,5CDW,
141,5CDW,
142,5CDW,
143,5CDW,
144,5CDW,
145,5CDW,
146,5CDW,
147,5CDW,
148,5CDW,
149,6ICG,
150,6ICG,
151,6ICH,
152,1MW4,
153,2L4K,
154,2QMS,
155,2QMS,
156,2QMS,
157,2QMS,
158,3PQZ,
159,3PQZ,
160,3PQZ,
161,3PQZ,
162,4WWQ,
163,4WWQ,
164,4X6S,
165,4X6S,
166,5D0J,
167,5D0J,
168,5D0J,
169,5D0J,
170,5EEL,
171,5EEL,
172,5EEL,
173,5EEL,
174,5EEL,
175,5EEL,
176,5EEQ,
177,5EEQ,
178,5TYI,
179,5TYI,
180,5TYI,
181,5TYI,
182,5U06,
183,5U06,
184,5U06,
185,5U06,
186,5U1Q,
187,5U1Q,
188,5U1Q,
189,5U1Q,
190,1AD5,
191,1AD5,
192,1QCF,
193,2C0I,
194,2C0I,
195,2C0O,
196,2C0O,
197,2C0T,
198,2C0T,
199,2HCK,
200,2HCK,
201,3HCK,
202,3NHN,
203,3VRY,
204,3VRY,
205,3VRZ,
206,3VRZ,
207,3VS0,
208,3VS0,
209,3VS1,
210,3VS1,
211,3VS2,
212,3VS2,
213,3VS3,
214,3VS3,
215,3VS4,
216,3VS4,
217,3VS5,
218,3VS5,
219,3VS6,
220,3VS6,
221,3VS7,
222,3VS7,
223,4LUD,
224,4LUD,
225,4LUE,
226,4LUE,
227,4U5W,
228,4U5W,
229,5H09,
230,5H0B,
231,5H0E,
232,5H0G,
233,5H0H,
234,2CS0,
235,2YSX,
236,2MK2,
237,4Z32,
238,4Z32,
239,4Z32,
240,4Z32,
241,4Z32,
242,4Z32,
243,4Z32,
244,6E2P,
245,6E2P,
246,6E2Q,
247,6E2Q,
248,6E2Q,
249,6E2Q,
250,1BHF,
251,1BHH,
252,1BHH,
253,1CWD,
254,1CWE,
255,1CWE,
256,1FBZ,
257,1FBZ,
258,1IJR,
259,1LCJ,
260,1LCK,
261,1LKK,
262,1LKL,
263,1X27,
264,1X27,
265,1X27,
266,1X27,
267,1X27,
268,1X27,
269,4D8K,
270,5MTM,
271,5MTN,
272,1JWO,
273,3US4,
274,2CI8,
275,2CI9,
276,2CI9,
277,1Z3K,
278,2CIA,
279,1H9O,
280,1PIC,
281,5AUL,
282,4JPS,
283,2IUG,
284,2IUH,
285,2IUI,
286,2IUI,
287,3HHM,
288,3HIZ,
289,4L1B,
290,4L23,
291,4L2Y,
292,4OVU,
293,4OVV,
294,4WAF,
295,4YKN,
296,4ZOP,
297,5FI4,
298,5GJI,
299,5ITD,
300,5SWG,
301,5SWO,
302,5SWP,
303,5SWR,
304,5SWT,
305,5SX8,
306,5SX9,
307,5SXB,
308,5SXC,
309,5SXD,
310,5SXE,
311,5SXI,
312,5SXK,
313,5UK8,
314,5UKJ,
315,5UL1,
316,5XGH,
317,5XGI,
318,5XGJ,
319,6NCT,
320,5SXJ,
321,5SXF,
322,5SXA,
323,5SW8,
324,4EY0,
325,4EY0,
326,4EY0,
327,4EY0,
328,4FBN,
329,4EY0,
330,4EY0,
331,4EY0,
332,4EY0,
333,4FBN,
334,1RJA,
335,2SHP,
336,2SHP,
337,4DGP,
338,4DGX,
339,4GWF,
340,4GWF,
341,4H1O,
342,4H34,
343,4JEG,
344,4NWF,
345,4NWF,
346,4NWG,
347,4NWG,
348,4OHD,
349,4OHE,
350,4OHH,
351,4OHI,
352,4OHL,
353,4OHL,
354,5DF6,
355,5EHP,
356,5EHP,
357,5EHR,
358,5EHR,
359,5I6V,
360,5I6V,
361,5IBM,
362,5IBM,
363,5IBS,
364,5IBS,
365,5X7B,
366,5X94,
367,5X94,
368,5XZR,
369,6ATD,
370,6ATD,
371,6BMR,
372,6BMR,
373,6BMU,
374,6BMU,
375,6BMV,
376,6BMV,
377,6BMW,
378,6BMW,
379,6BMX,
380,6BMX,
381,6BMY,
382,6BMY,
383,6BN5,
384,6BN5,
385,6CMP,
386,6CMP,
387,6CMQ,
388,6CMQ,
389,6CMQ,
390,6CMQ,
391,6CMR,
392,6CMS,
393,6CRF,
394,6CRF,
395,6CRG,
396,6CRG,
397,6IHZ,
398,6IHZ,
399,6MD7,
400,6MD7,
401,6MD9,
402,6MD9,
403,6MDA,
404,6MDA,
405,6MDB,
406,6MDB,
407,6MDC,
408,6MDC,
409,6MDD,
410,6MDD,
411,2SHP,
412,2SHP,
413,4DGP,
414,4DGX,
415,4GWF,
416,4GWF,
417,4H1O,
418,4H34,
419,4NWF,
420,4NWF,
421,4NWG,
422,4NWG,
423,4OHD,
424,4OHE,
425,4OHH,
426,4OHI,
427,4OHL,
428,4OHL,
429,5DF6,
430,5EHP,
431,5EHP,
432,5EHR,
433,5EHR,
434,5I6V,
435,5I6V,
436,5IBM,
437,5IBM,
438,5IBS,
439,5IBS,
440,5X7B,
441,5X94,
442,5X94,
443,5XZR,
444,6ATD,
445,6ATD,
446,6BMR,
447,6BMR,
448,6BMU,
449,6BMU,
450,6BMV,
451,6BMV,
452,6BMW,
453,6BMW,
454,6BMX,
455,6BMX,
456,6BMY,
457,6BMY,
458,6BN5,
459,6BN5,
460,6CMP,
461,6CMP,
462,6CMR,
463,6CMS,
464,6CRF,
465,6CRF,
466,6CRG,
467,6CRG,
468,6IHZ,
469,6IHZ,
470,6MD7,
471,6MD7,
472,6MD9,
473,6MD9,
474,6MDA,
475,6MDA,
476,6MDB,
477,6MDB,
478,6MDC,
479,6MDC,
480,6MDD,
481,6MDD,
482,3TKZ,
483,3TL0,
484,4JE4,
485,4QSY,
486,1X6C,
487,2B3O,
488,2RMX,
489,2YU7,
490,3PS5,
491,2B3O,
492,3PS5,
493,2GSB,
494,5W3R,
495,1D1Z,
496,1D1Z,
497,1D1Z,
498,1D1Z,
499,1D4T,
500,1D4W,
501,1D4W,
502,1KA6,
503,1KA7,
504,1M27,
505,5KAZ,
506,2CR4,
507,1MIL,
508,1TCE,
509,4M4Z,
510,2C9W,
511,4JGH,
512,5BO4,
513,5BO4,
514,5BO4,
515,5BO4,
516,5BO4,
517,5BO4,
518,6I4X,
519,6I5J,
520,6I5J,
521,6I5N,
522,6I5N,
523,2IZV,
524,2VIF,
525,1A07,
526,1A07,
527,1A08,
528,1A08,
529,1A09,
530,1A09,
531,1A1A,
532,1A1A,
533,1A1B,
534,1A1B,
535,1A1C,
536,1A1C,
537,1A1E,
538,1A1E,
539,1FMK,
540,1HCS,
541,1HCT,
542,1KSW,
543,1O41,
544,1O42,
545,1O43,
546,1O44,
547,1O45,
548,1O46,
549,1O47,
550,1O48,
551,1O49,
552,1O4A,
553,1O4B,
554,1O4C,
555,1O4D,
556,1O4E,
557,1O4F,
558,1O4G,
559,1O4H,
560,1O4I,
561,1O4J,
562,1O4K,
563,1O4L,
564,1O4M,
565,1O4N,
566,1O4O,
567,1O4P,
568,1O4Q,
569,1O4R,
570,1SHD,
571,1Y57,
572,2H8H,
573,2SRC,
574,4F59,
575,4F5A,
576,4F5B,
577,4K11,
578,3MAZ,
579,1BF5,
580,1YVL,
581,1YVL,
582,6QHD,
583,6QHD,
584,6MBW,
585,6MBW,
586,6MBZ,
587,6MBZ,
588,4Y5U,
589,4Y5U,
590,4Y5W,
591,4Y5W,
592,4Y5W,
593,4Y5W,
594,5D39,
595,5D39,
596,5D39,
597,5D39,
598,1A81,
599,1A81,
600,1A81,
601,1A81,
602,1A81,
603,1A81,
604,4FL2,
605,4FL3,
606,1CSY,
607,1CSZ,
608,1A81,
609,1A81,
610,1A81,
611,1A81,
612,1A81,
613,1A81,
614,4FL2,
615,4FL3,
616,2KNO,
617,2L6K,
618,2DM0,
619,2CRH,
620,2LCT,
621,2MC1,
622,2ROR,
623,2DLZ,
624,2LNW,
625,2LNX,
626,4ROJ,
627,4ROJ,
628,4ROJ,
629,1M61,
630,2OQ1,
631,2OZO,
632,4K2R,
633,4XZ0,
634,4XZ1,
635,1AWO,2022-11-23
636,1BBZ,2022-11-23
637,1ZZP,2022-11-23
638,2E2B,2022-11-23
639,2F4J,2022-11-23
640,2KK1,2022-11-23
641,2XYN,2022-11-23
642,3GVU,2022-11-23
643,3HMI,2022-11-23
644,3ULR,2022-11-23
645,5NP3,2022-11-23
646,5NP5,2022-11-23
647,3T6A,2022-11-23
648,6YLU,2022-11-23
649,2YS2,2022-11-23
650,3SXR,2022-11-23
651,3SXS,2022-11-23
652,6I99,2022-11-23
653,1AWW,2022-11-23
654,1AWX,2022-11-23
655,1B55,2022-11-23
656,1BTK,2022-11-23
657,1BWN,2022-11-23
658,1K2P,2022-11-23
659,1QLY,2022-11-23
660,2Z0P,2022-11-23
661,3GEN,2022-11-23
662,1B47,2022-11-23
663,1FBV,2022-11-23
664,1YVH,2022-11-23
665,2CBL,2022-11-23
666,2JUJ,2022-11-23
667,2K4D,2022-11-23
668,2OO9,2022-11-23
669,2Y1M,2022-11-23
670,2Y1N,2022-11-23
671,3BUM,2022-11-23
672,2AK5,2022-11-23
673,2BZ8,2022-11-23
674,2DO6,2022-11-23
675,2J6F,2022-11-23
676,2JNH,2022-11-23
677,2LDR,2022-11-23
678,2OOA,2022-11-23
679,2OOB,2022-11-23
680,3PFV,2022-11-23
681,3VGO,2022-11-23
682,3OP0,2022-11-23
683,3VRN,2022-11-23
684,3VRO,2022-11-23
685,3VRP,2022-11-23
686,3VRQ,2022-11-23
687,3VRR,2022-11-23
688,2OSA,2022-11-23
689,2EYW,2022-11-23
690,2EYX,2022-11-23
691,2MS4,2022-11-23
692,5UL6,2022-11-23
693,6ATV,2022-11-23
694,2BZX,2022-11-23
695,2BZY,2022-11-23
696,2DBK,2022-11-23
697,1BYG,2022-11-23
698,1CSK,2022-11-23
699,3D7T,2022-11-23
700,3D7U,2022-11-23
701,1FAO,2022-11-23
702,1FB8,2022-11-23
703,4DYL,2022-11-23
704,7T1K,2022-11-23
705,7T1L,2022-11-23
706,7JT9,2022-11-23
707,1A0N,2022-11-23
708,1AVZ,2022-11-23
709,1AZG,2022-11-23
710,1EFN,2022-11-23
711,1FYN,2022-11-23
712,1NYF,2022-11-23
713,3HK0,2022-11-23
714,2AUH,2022-11-23
715,4K81,2022-11-23
716,1AZE,2022-11-23
717,1GCQ,2022-11-23
718,1GFC,2022-11-23
719,1GFD,2022-11-23
720,1WGR,2022-11-23
721,1BU1,2022-11-23
722,2HK5,2022-11-23
723,2OI3,2022-11-23
724,2OJ2,2022-11-23
725,5RW2,2022-11-23
726,5RW3,2022-11-23
727,5RW4,2022-11-23
728,5RW5,2022-11-23
729,5RW6,2022-11-23
730,5RW7,2022-11-23
731,5RW8,2022-11-23
732,5RW9,2022-11-23
733,5RWA,2022-11-23
734,2K4P,2022-11-23
735,2KSO,2022-11-23
736,3NR8,2022-11-23
737,4A9C,2022-11-23
738,5OKM,2022-11-23
739,5OKN,2022-11-23
740,5OKO,2022-11-23
741,5OKP,2022-11-23
742,6SQU,2022-11-23
743,1SM2,2022-11-23
744,1SNU,2022-11-23
745,1SNX,2022-11-23
746,2E6I,2022-11-23
747,2LMJ,2022-11-23
748,2YUQ,2022-11-23
749,3MIY,2022-11-23
750,3MJ1,2022-11-23
751,3MJ2,2022-11-23
752,3QGW,2022-11-23
753,3EYG,2022-11-23
754,3EYH,2022-11-23
755,4E4L,2022-11-23
756,4E4N,2022-11-23
757,4E5W,2022-11-23
758,4EHZ,2022-11-23
759,4EI4,2022-11-23
760,4FK6,2022-11-23
761,4GS0,2022-11-23
762,4I5C,2022-11-23
763,2B7A,2022-11-23
764,2W1I,2022-11-23
765,2XA4,2022-11-23
766,3E62,2022-11-23
767,3E63,2022-11-23
768,3E64,2022-11-23
769,3FUP,2022-11-23
770,3IO7,2022-11-23
771,3IOK,2022-11-23
772,3JY9,2022-11-23
773,1YVJ,2022-11-23
774,3LXK,2022-11-23
775,3LXL,2022-11-23
776,3PJC,2022-11-23
777,3ZC6,2022-11-23
778,3ZEP,2022-11-23
779,4HVD,2022-11-23
780,4HVG,2022-11-23
781,4HVH,2022-11-23
782,4HVI,2022-11-23
783,1H92,2022-11-23
784,1KIK,2022-11-23
785,1H3H,2022-11-23
786,1YWO,2022-11-23
787,2EAP,2022-11-23
788,6ZCJ,2022-11-23
789,1W1F,2022-11-23
790,1WA7,2022-11-23
791,3A4O,2022-11-23
792,5XY1,2022-11-23
793,6NMW,2022-11-23
794,1X6G,2022-11-23
795,2CUB,2022-11-23
796,2JS0,2022-11-23
797,2JS2,2022-11-23
798,2JW4,2022-11-23
799,5QU1,2022-11-23
800,5QU2,2022-11-23
801,5QU3,2022-11-23
802,5QU4,2022-11-23
803,2CUB,2022-11-23
804,2JS0,2022-11-23
805,2JS2,2022-11-23
806,2JW4,2022-11-23
807,5QU1,2022-11-23
808,5QU2,2022-11-23
809,5QU3,2022-11-23
810,5QU4,2022-11-23
811,1A0N,2022-11-23
812,1AZG,2022-11-23
813,1PBW,2022-11-23
814,1PHT,2022-11-23
815,1PKS,2022-11-23
816,1PKT,2022-11-23
817,1A0N,2022-11-23
818,1AZG,2022-11-23
819,1PBW,2022-11-23
820,1PHT,2022-11-23
821,1PKS,2022-11-23
822,1PKT,2022-11-23
823,2KT1,2022-11-23
824,2XS6,2022-11-23
825,3MTT,2022-11-23
826,3O5Z,2022-11-23
827,6OX7,2022-11-23
828,6U28,2022-11-23
829,7RCH,2022-11-23
830,7RNU,2022-11-23
831,2KT1,2022-11-23
832,2XS6,2022-11-23
833,3MTT,2022-11-23
834,3O5Z,2022-11-23
835,6OX7,2022-11-23
836,6U28,2022-11-23
837,7RCH,2022-11-23
838,7RNU,2022-11-23
839,1HSQ,2022-11-23
840,2HSP,2022-11-23
841,7NXE,2022-11-23
842,1HSQ,2022-11-23
843,2HSP,2022-11-23
844,7NXE,2022-11-23
845,2K2J,2022-11-23
846,2W2W,2022-11-23
847,2W2X,2022-11-23
848,2K2J,2022-11-23
849,2W2W,2022-11-23
850,2W2X,2022-11-23
851,2KGT,2022-11-23
852,5D7V,2022-11-23
853,5DA3,2022-11-23
854,5H2U,2022-11-23
855,6CZ2,2022-11-23
856,6CZ3,2022-11-23
857,6CZ4,2022-11-23
858,3B7O,2022-11-23
859,3MOW,2022-11-23
860,3O5X,2022-11-23
861,3ZM0,2022-11-23
862,3ZM1,2022-11-23
863,3ZM2,2022-11-23
864,3ZM3,2022-11-23
865,3B7O,2022-11-23
866,3MOW,2022-11-23
867,3O5X,2022-11-23
868,3ZM0,2022-11-23
869,3ZM1,2022-11-23
870,3ZM2,2022-11-23
871,3ZM3,2022-11-23
872,1FPR,2022-11-23
873,1GWZ,2022-11-23
874,4GRY,2022-11-23
875,4GRZ,2022-11-23
876,4GS0,2022-11-23
877,1FPR,2022-11-23
878,1GWZ,2022-11-23
879,4GRY,2022-11-23
880,4GRZ,2022-11-23
881,4GS0,2022-11-23
882,1WER,2022-11-23
883,1WQ1,2022-11-23
884,2GQI,2022-11-23
885,2J05,2022-11-23
886,2J06,2022-11-23
887,2M51,2022-11-23
888,4FSS,2022-11-23
889,6PXB,2022-11-23
890,6PXC,2022-11-23
891,1WER,2022-11-23
892,1WQ1,2022-11-23
893,2GQI,2022-11-23
894,2J05,2022-11-23
895,2J06,2022-11-23
896,2M51,2022-11-23
897,4FSS,2022-11-23
898,6PXB,2022-11-23
899,6PXC,2022-11-23
900,3U23,2022-11-23
901,4WCI,2022-11-23
902,1Q2H,2022-11-23
903,3T6G,2022-11-23
904,3TWR,2022-11-23
905,1N3H,2022-11-23
906,1OY2,2022-11-23
907,1SHC,2022-11-23
908,2L1C,2022-11-23
909,4JMH,2022-11-23
910,4XWX,2022-11-23
911,5CZI,2022-11-23
912,2CUD,2022-11-23
913,7M6T,2022-11-23
914,1X1F,2022-11-23
915,2EL8,2022-11-23
916,2KA6,2022-11-23
917,3WWT,2022-11-23
918,7NUF,2022-11-23
919,8D3F,2022-11-23
920,2KA4,2022-11-23
921,6UX2,2022-11-23
922,6WCZ,2022-11-23
923,5AX3,2022-11-23
924,5U5S,2022-11-23
925,6NJS,2022-11-23
926,6NUQ,2022-11-23
927,6TLC,2022-11-23
928,1OJ5,2022-11-23
929,5NWM,2022-11-23
930,5NWX,2022-11-23
931,6GME,2022-11-23
932,6GMH,2022-11-23
933,6TED,2022-11-23
934,7OOP,2022-11-23
935,7OPC,2022-11-23
936,7OPD,2022-11-23
937,7UNC,2022-11-23
938,7UND,2022-11-23
939,1XBA,2022-11-23
940,1XBB,2022-11-23
941,1XBC,2022-11-23
942,3BUW,2022-11-23
943,3EMG,2022-11-23
944,3FQE,2022-11-23
945,3FQH,2022-11-23
946,1XBA,2022-11-23
947,1XBB,2022-11-23
948,1XBC,2022-11-23
949,3BUW,2022-11-23
950,3EMG,2022-11-23
951,3FQE,2022-11-23
952,3FQH,2022-11-23
953,2LUL,2022-11-23
954,2DKQ,2022-11-23
955,2LOZ,2022-11-23
956,3HQC,2022-11-23
957,3LXN,2022-11-23
958,3LXP,2022-11-23
959,3NYX,2022-11-23
960,3NZ0,2022-11-23
961,3ZON,2022-11-23
962,4GFO,2022-11-23
963,4GIH,2022-11-23
964,4GII,2022-11-23
965,4GJ2,2022-11-23
966,4GJ3,2022-11-23
967,3BJI,2022-11-23
968,3KY9,2022-11-23
969,6NEW,2022-11-23
970,6NF1,2022-11-23
971,6NFA,2022-11-23
972,2DM1,2022-11-23
973,7RNV,2022-11-23
974,2D86,2022-11-23
975,2HDA,2022-11-23
976,1FBV,2022-11-23
977,1U59,2022-11-23
978,2CBL,2022-11-23
979,2Y1N,2022-11-23
980,3ZNI,2022-11-23
981,4A4B,2022-11-23
982,4A4C,2022-11-23
983,1FBV,2022-11-23
984,1U59,2022-11-23
985,2CBL,2022-11-23
986,2Y1N,2022-11-23
987,3ZNI,2022-11-23
988,4A4B,2022-11-23
989,4A4C,2022-11-23
